,XLE,XOP
2018-01-02,25.56290626525879,127.75486755371094
2018-01-03,25.94574737548828,129.02505493164062
2018-01-04,26.10235595703125,129.66018676757812
2018-01-05,26.09191131591797,128.82456970214844
2018-01-08,26.248533248901367,129.59332275390625
2018-01-09,26.182409286499023,129.3927764892578
2018-01-10,26.151081085205078,128.62396240234375
2018-01-11,26.687047958374023,131.69915771484375
2018-01-12,26.944595336914062,132.768798828125
2018-01-16,26.603527069091797,130.3621063232422
2018-01-17,26.836708068847656,131.46522521972656
2018-01-18,26.617446899414062,129.96102905273438
2018-01-19,26.582639694213867,129.42616271972656
2018-01-22,27.156888961791992,132.66854858398438
2018-01-23,27.115135192871094,133.20333862304688
2018-01-24,27.04203224182129,132.768798828125
2018-01-25,26.82973289489746,130.0613250732422
2018-01-26,26.975921630859375,130.5626678466797
2018-01-29,26.56871795654297,128.0222625732422
2018-01-30,26.03274917602539,123.57658386230469
2018-01-31,26.050155639648438,123.3760986328125
2018-02-01,26.31814193725586,123.97769927978516
2018-02-02,25.218355178833008,118.69635009765625
2018-02-05,24.160337448120117,114.88578796386719
2018-02-06,24.35175895690918,116.38997650146484
2018-02-07,23.944564819335938,112.6796646118164
2018-02-08,23.22066307067871,108.23397064208984
2018-02-09,23.20325469970703,108.26744079589844
2018-02-12,23.582609176635742,111.07524108886719
2018-02-13,23.48516273498535,109.57102966308594
2018-02-14,23.82622718811035,113.71588134765625
2018-02-15,23.767065048217773,113.94986724853516
2018-02-16,23.707901000976562,113.38160705566406
2018-02-20,23.579132080078125,113.04734802246094
2018-02-21,23.182373046875,110.33983612060547
2018-02-22,23.43643569946289,112.74652099609375
2018-02-23,23.944564819335938,115.78829193115234
2018-02-26,24.087255477905273,116.28971862792969
2018-02-27,23.77402687072754,113.54875946044922
2018-02-28,23.22761344909668,110.50699615478516
2018-03-01,23.19281578063965,111.6434555053711
2018-03-02,23.300697326660156,114.11699676513672
2018-03-05,23.54780387878418,116.18941497802734
2018-03-06,23.561717987060547,115.11979675292969
2018-03-07,23.384235382080078,113.94986724853516
2018-03-08,23.377277374267578,113.74930572509766
2018-03-09,23.8227481842041,116.22286224365234
2018-03-12,23.815786361694336,116.3565673828125
2018-03-13,23.645252227783203,115.85517120361328
2018-03-14,23.506046295166016,115.42061614990234
2018-03-15,23.384235382080078,113.84960174560547
2018-03-16,23.592788696289062,115.27294158935547
2018-03-19,23.228256225585938,112.39277648925781
2018-03-20,23.42453956604004,114.10079956054688
2018-03-21,24.037931442260742,118.8563461303711
2018-03-22,23.547216415405273,116.34461975097656
2018-03-23,23.40350914001465,116.21063232421875
2018-03-26,23.824125289916992,118.38750457763672
2018-03-27,23.59980010986328,115.50736236572266
2018-03-28,23.140626907348633,114.73706817626953
2018-03-29,23.627840042114258,117.9521255493164
2018-04-02,23.154651641845703,113.96681213378906
2018-04-03,23.648866653442383,115.90921783447266
2018-04-04,23.61732292175293,115.9762191772461
2018-04-05,24.041431427001953,119.29170989990234
2018-04-06,23.6068058013916,116.07669830322266
2018-04-09,23.718969345092773,116.244140625
2018-04-10,24.504114151000977,121.13368225097656
2018-04-11,24.759979248046875,123.34404754638672
2018-04-12,24.756473541259766,123.10960388183594
2018-04-13,25.029882431030273,125.18598175048828
2018-04-16,25.285743713378906,126.0902099609375
2018-04-17,25.383893966674805,126.89398956298828
2018-04-18,25.783470153808594,130.81231689453125
2018-04-19,25.815011978149414,130.54441833496094
2018-04-20,25.69233512878418,130.1425323486328
2018-04-23,25.850065231323242,131.0132293701172
2018-04-24,25.57316017150879,129.40573120117188
2018-04-25,25.77645492553711,131.0132293701172
2018-04-26,26.151500701904297,132.78823852539062
2018-04-27,25.87459945678711,130.376953125
2018-04-30,25.871095657348633,131.88401794433594
2018-05-01,25.713369369506836,131.2812042236328
2018-05-02,25.81852912902832,132.48683166503906
2018-05-03,25.75893211364746,130.24301147460938
2018-05-04,25.88511085510254,132.65428161621094
2018-05-07,25.920166015625,133.45803833007812
2018-05-08,26.12346076965332,136.20420837402344
2018-05-09,26.656238555908203,138.61550903320312
2018-05-10,26.856021881103516,139.2518310546875
2018-05-11,26.89458656311035,138.21363830566406
2018-05-14,27.080358505249023,139.9551239013672
2018-05-15,27.08736228942871,140.490966796875
2018-05-16,27.1820011138916,141.42872619628906
2018-05-17,27.592103958129883,145.74891662597656
2018-05-18,27.3782901763916,144.5432586669922
2018-05-21,27.658687591552734,148.09326171875
2018-05-22,27.290653228759766,144.2753448486328
2018-05-23,27.287153244018555,143.47158813476562
2018-05-24,26.838502883911133,141.3617401123047
2018-05-25,26.140989303588867,136.9075927734375
2018-05-29,26.06037139892578,137.51039123535156
2018-05-30,26.849021911621094,142.600830078125
2018-05-31,26.645727157592773,141.4956817626953
2018-06-01,26.771900177001953,141.1607666015625
2018-06-04,26.540578842163086,137.8787841796875
2018-06-05,26.477481842041016,137.5437774658203
2018-06-06,26.603662490844727,137.8787841796875
2018-06-07,27.006744384765625,141.3617401123047
2018-06-08,26.954174041748047,140.79238891601562
2018-06-11,27.094375610351562,141.79708862304688
2018-06-12,26.887577056884766,141.26124572753906
2018-06-13,26.78592872619629,141.1942901611328
2018-06-14,26.74737548828125,139.6537628173828
2018-06-15,26.17287826538086,135.59783935546875
2018-06-18,26.43401336669922,138.5164337158203
2018-06-19,26.374027252197266,139.7241973876953
2018-06-20,26.490476608276367,142.10601806640625
2018-06-21,25.999975204467773,138.4158172607422
2018-06-22,26.518705368041992,142.8776397705078
2018-06-25,25.985858917236328,139.12033081054688
2018-06-26,26.314029693603516,142.44149780273438
2018-06-27,26.666913986206055,144.38719177246094
2018-06-28,26.631629943847656,143.9511260986328
2018-06-29,26.7974796295166,144.45433044433594
2018-07-02,26.40225601196289,141.70350646972656
2018-07-03,26.568111419677734,143.17955017089844
2018-07-05,26.539875030517578,142.97825622558594
2018-07-06,26.702194213867188,145.62844848632812
2018-07-09,27.1009578704834,149.3522186279297
2018-07-10,27.30208969116211,149.11741638183594
2018-07-11,26.723379135131836,145.19241333007812
2018-07-12,26.76925277709961,144.82334899902344
2018-07-13,26.9103946685791,144.89044189453125
2018-07-16,26.5998592376709,141.9718475341797
2018-07-17,26.493999481201172,142.03892517089844
2018-07-18,26.511648178100586,142.40792846679688
2018-07-19,26.518705368041992,143.1459503173828
2018-07-20,26.426956176757812,142.57568359375
2018-07-23,26.310503005981445,141.90472412109375
2018-07-24,26.6422119140625,143.2130889892578
2018-07-25,26.864526748657227,144.2195281982422
2018-07-26,27.15741729736328,144.6891632080078
2018-07-27,27.04096794128418,141.73703002929688
2018-07-30,27.263280868530273,144.28659057617188
2018-07-31,27.21387481689453,144.32017517089844
2018-08-01,26.83629608154297,142.03892517089844
2018-08-02,26.688085556030273,142.47509765625
2018-08-03,26.55047035217285,140.89833068847656
2018-08-06,26.649263381958008,141.837646484375
2018-08-07,26.846893310546875,142.10601806640625
2018-08-08,26.65279197692871,139.89195251464844
2018-08-09,26.40578842163086,138.5835418701172
2018-08-10,26.568111419677734,139.92539978027344
2018-08-13,26.22934913635254,136.43653869628906
2018-08-14,26.292863845825195,137.57711791992188
2018-08-15,25.375394821166992,131.16961669921875
2018-08-16,25.558876037597656,132.41087341308594
2018-08-17,25.622394561767578,133.18247985839844
2018-08-20,25.795303344726562,134.55792236328125
2018-08-21,25.925865173339844,137.10745239257812
2018-08-22,26.23640251159668,139.89195251464844
2018-08-23,26.11289405822754,139.2545166015625
2018-08-24,26.303455352783203,141.0660400390625
2018-08-27,26.497529983520508,141.4015350341797
2018-08-28,26.384611129760742,140.4287109375
2018-08-29,26.546939849853516,142.20668029785156
2018-08-30,26.472829818725586,142.97825622558594
2018-08-31,26.268171310424805,142.03892517089844
2018-09-04,26.211700439453125,140.4287109375
2018-09-05,26.176408767700195,139.5228729248047
2018-09-06,25.692970275878906,135.46365356445312
2018-09-07,25.68944549560547,134.02117919921875
2018-09-10,25.678857803344727,134.25599670410156
2018-09-11,25.922340393066406,136.8390655517578
2018-09-12,26.056428909301758,138.65069580078125
2018-09-13,26.067020416259766,138.0132293701172
2018-09-14,26.204641342163086,138.65069580078125
2018-09-17,26.246990203857422,138.34869384765625
2018-09-18,26.419902801513672,140.22738647460938
2018-09-19,26.501062393188477,141.73703002929688
2018-09-20,26.50812530517578,141.33445739746094
2018-09-21,26.68327522277832,142.74884033203125
2018-09-24,27.07411003112793,145.70523071289062
2018-09-25,27.248214721679688,146.41079711914062
2018-09-26,26.98529624938965,143.8574676513672
2018-09-27,26.98529624938965,145.13414001464844
2018-09-28,26.910682678222656,145.43650817871094
2018-10-01,27.28374481201172,146.9482879638672
2018-10-02,27.312170028686523,146.17555236816406
2018-10-03,27.532461166381836,149.7367401123047
2018-10-04,27.41875648498535,147.35145568847656
2018-10-05,27.41521644592285,146.6459503173828
2018-10-08,27.393890380859375,145.7388916015625
2018-10-09,27.639047622680664,147.65382385253906
2018-10-10,26.77210807800293,140.96823120117188
2018-10-11,25.866086959838867,136.5671844482422
2018-10-12,25.93714714050293,138.31419372558594
2018-10-15,25.720407485961914,138.68373107910156
2018-10-16,25.933591842651367,140.6994171142578
2018-10-17,25.77014923095703,138.2469940185547
2018-10-18,25.642244338989258,136.02964782714844
2018-10-19,25.414854049682617,134.38343811035156
2018-10-22,25.13416290283203,132.23330688476562
2018-10-23,24.476852416992188,127.56349182128906
2018-10-24,23.510427474975586,119.87004852294922
2018-10-25,23.79822540283203,122.05377197265625
2018-10-26,23.620569229125977,120.67630004882812
2018-10-29,23.17999267578125,116.27527618408203
2018-10-30,23.71649932861328,118.76138305664062
2018-10-31,23.8621768951416,121.18025970458984
2018-11-01,24.064701080322266,123.56555938720703
2018-11-02,24.00429916381836,121.54979705810547
2018-11-05,24.405790328979492,124.97660827636719
2018-11-06,24.519485473632812,123.86792755126953
2018-11-07,24.920982360839844,127.05957794189453
2018-11-08,24.38091468811035,122.32252502441406
2018-11-09,24.338281631469727,122.25531768798828
2018-11-12,23.833751678466797,118.02227783203125
2018-11-13,23.28658676147461,115.73771667480469
2018-11-14,23.24750328063965,115.1666030883789
2018-11-15,23.588592529296875,116.88003540039062
2018-11-16,23.86928367614746,116.74560546875
2018-11-19,23.8621768951416,116.10729217529297
2018-11-20,23.080509185791016,110.56400299072266
2018-11-21,23.44291877746582,113.21808624267578
2018-11-23,22.707439422607422,109.18656921386719
2018-11-26,23.048532485961914,110.89994049072266
2018-11-27,22.984577178955078,109.48894500732422
2018-11-28,23.378957748413086,111.06793212890625
2018-11-29,23.5317440032959,111.77345275878906
2018-11-30,23.489107131958008,110.22802734375
2018-12-03,24.011402130126953,113.7892074584961
2018-12-04,23.322114944458008,109.92568969726562
2018-12-06,22.89219856262207,106.43170166015625
2018-12-07,22.7642879486084,105.96135711669922
2018-12-10,22.40898323059082,102.53457641601562
2018-12-11,22.416088104248047,102.33299255371094
2018-12-12,22.50491714477539,102.90413665771484
2018-12-13,22.575973510742188,102.26580047607422
2018-12-14,22.060789108276367,97.73036193847656
2018-12-17,21.65929412841797,94.8075180053711
2018-12-18,21.14765739440918,92.08626556396484
2018-12-19,20.898948669433594,90.84322357177734
2018-12-20,20.319801330566406,87.41644287109375
2018-12-21,20.12255859375,85.38209533691406
2018-12-24,19.308475494384766,81.2392807006836
2018-12-26,20.509870529174805,89.76065063476562
2018-12-27,20.617456436157227,90.09746551513672
2018-12-28,20.459667205810547,88.81758117675781
2018-12-31,20.567249298095703,89.35648345947266
2019-01-02,20.97249984741211,91.91625213623047
2019-01-03,20.764497756958008,91.27632904052734
2019-01-04,21.47099494934082,96.42955017089844
2019-01-07,21.79016876220703,99.73033905029297
2019-01-08,21.958723068237305,100.63971710205078
2019-01-09,22.306591033935547,102.89634704589844
2019-01-10,22.37114715576172,103.53630065917969
2019-01-11,22.238454818725586,102.39112854003906
2019-01-14,22.184661865234375,102.45849609375
2019-01-15,22.26355743408203,103.63738250732422
2019-01-16,22.234867095947266,103.8394546508789
2019-01-17,22.43928337097168,104.44571685791016
2019-01-18,22.89474105834961,106.46656799316406
2019-01-22,22.39624786376953,102.02066040039062
2019-01-23,22.166723251342773,100.37026977539062
2019-01-24,22.28507423400879,100.9428482055664
2019-01-25,22.568389892578125,102.8290023803711
2019-01-28,22.34245491027832,101.04389953613281
2019-01-29,22.41059684753418,101.51542663574219
2019-01-30,22.72618865966797,104.37834167480469
2019-01-31,22.873226165771484,102.86266326904297
2019-02-01,23.271297454833984,103.40155792236328
2019-02-04,23.325090408325195,104.00785064697266
2019-02-05,23.3609561920166,102.59323120117188
2019-02-06,23.188819885253906,101.38069152832031
2019-02-07,22.675975799560547,97.00213623046875
2019-02-08,22.571975708007812,95.52014923095703
2019-02-11,22.679563522338867,97.06950378417969
2019-02-12,22.96646499633789,98.24832153320312
2019-02-13,23.253366470336914,100.37026977539062
2019-02-14,23.335845947265625,101.68384552001953
2019-02-15,23.712411880493164,104.41203308105469
2019-02-19,23.78413200378418,103.97416687011719
2019-02-20,23.88454818725586,105.15299987792969
2019-02-21,23.515169143676758,102.29008483886719
2019-02-22,23.58330535888672,103.16581726074219
2019-02-25,23.622758865356445,102.99738311767578
2019-02-26,23.547441482543945,101.44805908203125
2019-02-27,23.637102127075195,101.6164779663086
2019-02-28,23.400405883789062,100.30290222167969
2019-03-01,23.83075714111328,102.4248275756836
2019-03-04,23.873790740966797,103.13213348388672
2019-03-05,23.79489517211914,102.2227554321289
2019-03-06,23.49364471435547,99.29244995117188
2019-03-07,23.353784561157227,97.9452133178711
2019-03-08,22.916257858276367,94.50970458984375
2019-03-11,23.274883270263672,96.53057098388672
2019-03-12,23.425506591796875,98.98932647705078
2019-03-13,23.662200927734375,101.07756042480469
2019-03-14,23.687305450439453,101.38069152832031
2019-03-15,23.677906036376953,100.51299285888672
2019-03-18,24.006820678710938,102.9439468383789
2019-03-19,23.94175910949707,101.93104553222656
2019-03-20,24.15139389038086,104.76714324951172
2019-03-21,24.321273803710938,106.32022857666016
2019-03-22,23.6634521484375,101.49212646484375
2019-03-25,23.67429542541504,101.55963897705078
2019-03-26,24.014047622680664,103.65296936035156
2019-03-27,23.84417152404785,103.38287353515625
2019-03-28,23.934532165527344,103.99059295654297
2019-03-29,23.898387908935547,103.78801727294922
2019-04-01,24.212839126586914,105.23983764648438
2019-04-02,24.04657554626465,104.159423828125
2019-04-03,23.81525230407715,101.82975006103516
2019-04-04,24.014047622680664,103.68673706054688
2019-04-05,24.436927795410156,107.40068054199219
2019-04-08,24.54536247253418,108.14346313476562
2019-04-09,24.24536895751953,105.98263549804688
2019-04-10,24.335737228393555,107.53572845458984
2019-04-11,24.353801727294922,106.08392333984375
2019-04-12,24.41886329650879,109.59528350830078
2019-04-15,24.274290084838867,108.31227111816406
2019-04-16,24.433305740356445,108.95379638671875
2019-04-17,24.400793075561523,108.54864501953125
2019-04-18,24.28512954711914,107.40068054199219
2019-04-22,24.798372268676758,111.35095977783203
2019-04-23,24.758607864379883,111.21592712402344
2019-04-24,24.324886322021484,108.98756408691406
2019-04-25,24.248987197875977,107.3331527709961
2019-04-26,23.934532165527344,105.61123657226562
2019-04-29,23.91284942626953,105.4761734008789
2019-04-30,23.894777297973633,104.49705505371094
2019-05-01,23.417675018310547,101.1207275390625
2019-05-02,23.009248733520508,97.8456802368164
2019-05-03,23.222496032714844,100.00653839111328
2019-05-06,23.244178771972656,100.95189666748047
2019-05-07,23.041778564453125,99.5338363647461
2019-05-08,23.041778564453125,100.51299285888672
2019-05-09,23.041778564453125,100.14159393310547
2019-05-10,23.150209426879883,100.58050537109375
2019-05-13,22.75262451171875,97.10289764404297
2019-05-14,23.030929565429688,99.50006866455078
2019-05-15,23.150209426879883,100.85063934326172
2019-05-16,23.276714324951172,101.89730072021484
2019-05-17,23.041778564453125,99.56761932373047
2019-05-20,23.05261993408203,98.7235336303711
2019-05-21,23.320077896118164,100.85063934326172
2019-05-22,22.958642959594727,97.00162506103516
2019-05-23,22.18877410888672,91.49821472167969
2019-05-24,22.27191162109375,91.56575775146484
2019-05-28,22.040586471557617,90.18143463134766
2019-05-29,21.899627685546875,90.65414428710938
2019-05-30,21.62131690979004,88.32450103759766
2019-05-31,21.241804122924805,86.4675064086914
2019-06-03,21.51288414001465,87.27783966064453
2019-06-04,21.88516616821289,89.53997039794922
2019-06-05,21.64300537109375,86.36621856689453
2019-06-06,22.044200897216797,87.07524871826172
2019-06-07,22.145404815673828,87.24406433105469
2019-06-10,22.210464477539062,86.70386505126953
2019-06-11,22.253835678100586,86.94017791748047
2019-06-12,21.93938446044922,83.93527221679688
2019-06-13,22.196001052856445,85.89354705810547
2019-06-14,22.051433563232422,84.27288818359375
2019-06-17,22.23576545715332,85.72472381591797
2019-06-18,22.54298210144043,87.9868392944336
2019-06-19,22.51768684387207,87.54793548583984
2019-06-20,23.0164737701416,90.21522521972656
2019-06-21,23.182796478271484,90.4930191040039
2019-06-24,22.97489356994629,89.23947143554688
2019-06-25,22.79252815246582,88.05369567871094
2019-06-26,23.142675399780273,90.9334716796875
2019-06-27,22.971240997314453,90.69630432128906
2019-06-28,23.23750877380371,92.32254028320312
2019-07-01,23.2593936920166,92.15316009521484
2019-07-02,22.887361526489258,88.90069580078125
2019-07-03,22.97854232788086,88.6974105834961
2019-07-05,23.01136589050293,89.81546020507812
2019-07-08,23.044193267822266,88.6974105834961
2019-07-09,23.06243324279785,88.90069580078125
2019-07-10,23.357868194580078,90.7979507446289
2019-07-11,23.405282974243164,89.78158569335938
2019-07-12,23.503768920898438,90.39141845703125
2019-07-15,23.292217254638672,87.95203399658203
2019-07-16,23.044193267822266,86.22419738769531
2019-07-17,22.781579971313477,83.51378631591797
2019-07-18,22.78523063659668,82.83619689941406
2019-07-19,22.891000747680664,83.88646697998047
2019-07-22,22.99677848815918,84.15750885009766
2019-07-23,23.058786392211914,85.0044937133789
2019-07-24,23.15726661682129,85.54658508300781
2019-07-25,22.894651412963867,83.00558471679688
2019-07-26,22.777935028076172,82.02308654785156
2019-07-29,22.686750411987305,80.49848175048828
2019-07-30,22.94207191467285,84.59793090820312
2019-07-31,22.86911964416504,84.80121612548828
2019-08-01,22.351192474365234,79.5159683227539
2019-08-02,22.03022003173828,78.60120391845703
2019-08-05,21.37369155883789,75.3487548828125
2019-08-06,21.348159790039062,74.230712890625
2019-08-07,21.18767547607422,74.06132507324219
2019-08-08,21.796785354614258,76.22962188720703
2019-08-09,21.556058883666992,75.51814270019531
2019-08-12,21.300745010375977,74.3662338256836
2019-08-13,21.49770164489746,74.8405532836914
2019-08-14,20.655155181884766,71.0459976196289
2019-08-15,20.527496337890625,70.40229034423828
2019-08-16,20.79740333557129,72.63835906982422
2019-08-19,21.25697135925293,75.61979675292969
2019-08-20,21.0782527923584,75.00995635986328
2019-08-21,21.213211059570312,75.3487548828125
2019-08-22,21.118377685546875,74.43399810791016
2019-08-23,20.41077995300293,70.91049194335938
2019-08-26,20.49831771850586,70.80888366699219
2019-08-27,20.370656967163086,69.79248046875
2019-08-28,20.66244888305664,71.9946517944336
2019-08-29,20.965181350708008,74.43399810791016
2019-08-30,20.965181350708008,73.07881164550781
2019-09-03,20.86305809020996,71.68972778320312
2019-09-04,21.15484619140625,73.58702087402344
2019-09-05,21.417461395263672,75.51814270019531
2019-09-06,21.530529022216797,75.24710845947266
2019-09-09,21.960920333862305,79.48208618164062
2019-09-10,22.219884872436523,80.19356536865234
2019-09-11,22.241769790649414,80.43072509765625
2019-09-12,22.10317039489746,78.77059936523438
2019-09-13,22.27824592590332,79.3465805053711
2019-09-16,23.025959014892578,87.9181900024414
2019-09-17,22.704988479614258,83.24275207519531
2019-09-18,22.595563888549805,81.95532989501953
2019-09-19,22.537212371826172,80.32908630371094
2019-09-20,22.555612564086914,80.8832778930664
2019-09-23,22.562976837158203,80.61126708984375
2019-09-24,22.205944061279297,78.36734008789062
2019-09-25,22.242746353149414,78.4693374633789
2019-09-26,21.951969146728516,76.93940734863281
2019-09-27,21.948291778564453,76.5313949584961
2019-09-30,21.790014266967773,76.02143859863281
2019-10-01,21.28575325012207,73.26753234863281
2019-10-02,20.763090133666992,71.22760009765625
2019-10-03,20.987613677978516,72.31556701660156
2019-10-04,21.12012481689453,72.21356201171875
2019-10-07,20.93239974975586,71.32959747314453
2019-10-08,20.575374603271484,69.28966522216797
2019-10-09,20.763090133666992,69.8336410522461
2019-10-10,21.024425506591797,70.54761505126953
2019-10-11,21.307836532592773,72.28153991699219
2019-10-14,21.296802520751953,71.32959747314453
2019-10-15,21.3851318359375,71.39759063720703
2019-10-16,21.08699607849121,70.88761901855469
2019-10-17,21.10171890258789,71.22760009765625
2019-10-18,20.991294860839844,69.90164184570312
2019-10-21,21.366727828979492,70.41162109375
2019-10-22,21.64278793334961,71.56757354736328
2019-10-23,21.82314109802246,72.9615249633789
2019-10-24,21.73112678527832,72.72354888916016
2019-10-25,21.907798767089844,74.25349426269531
2019-10-28,21.78265380859375,73.74352264404297
2019-10-29,21.87099266052246,74.96746063232422
2019-10-30,21.425622940063477,72.17955017089844
2019-10-31,21.33360481262207,71.80558776855469
2019-11-01,21.8194637298584,74.2874984741211
2019-11-04,22.529850006103516,77.89137268066406
2019-11-05,22.559293746948242,77.99337005615234
2019-11-06,22.09920310974121,75.61345672607422
2019-11-07,22.430465698242188,77.14339447021484
2019-11-08,22.33844757080078,77.65337371826172
2019-11-11,22.213300704956055,75.91943359375
2019-11-12,22.09920310974121,75.6474380493164
2019-11-13,22.00349998474121,74.45748901367188
2019-11-14,21.944608688354492,73.74352264404297
2019-11-15,22.113924026489258,74.66148376464844
2019-11-18,21.845226287841797,72.34954833984375
2019-11-19,21.521316528320312,70.0036392211914
2019-11-20,21.738483428955078,70.37762451171875
2019-11-21,22.095516204833984,71.39759063720703
2019-11-22,22.021900177001953,71.56757354736328
2019-11-25,22.043991088867188,72.17955017089844
2019-11-26,21.841548919677734,70.37762451171875
2019-11-27,21.896757125854492,70.88761901855469
2019-11-29,21.6759090423584,69.2216567993164
2019-12-02,21.6759090423584,69.25564575195312
2019-12-03,21.352006912231445,68.13372039794922
2019-12-04,21.6722354888916,70.24161529541016
2019-12-05,21.569171905517578,69.66364288330078
2019-12-06,21.981416702270508,72.17955017089844
2019-12-09,21.95564842224121,72.65556335449219
2019-12-10,21.999820709228516,73.16551208496094
2019-12-11,21.9630126953125,72.72354888916016
2019-12-12,22.36789321899414,75.47745513916016
2019-12-13,22.19858169555664,73.98150634765625
2019-12-16,22.496723175048828,76.08941650390625
2019-12-17,22.511444091796875,78.0953598022461
2019-12-18,22.596099853515625,78.57135009765625
2019-12-19,22.58873748779297,79.55730438232422
2019-12-20,22.805421829223633,79.28414154052734
2019-12-23,23.039567947387695,80.99139404296875
2019-12-24,23.02841567993164,80.92310333251953
2019-12-26,23.020984649658203,81.23042297363281
2019-12-27,22.924352645874023,79.8646240234375
2019-12-30,22.852006912231445,79.7621841430664
2019-12-31,22.982158660888672,80.92310333251953
2020-01-02,23.188859939575195,80.7865219116211
2020-01-03,23.119953155517578,82.04987335205078
2020-01-06,23.29985809326172,82.5962142944336
2020-01-07,23.238611221313477,83.58638763427734
2020-01-08,22.855836868286133,80.41090393066406
2020-01-09,23.024259567260742,80.03533935546875
2020-01-10,22.89411163330078,79.28414154052734
2020-01-13,22.901765823364258,78.15737915039062
2020-01-14,22.905597686767578,79.01099395751953
2020-01-15,22.737173080444336,78.08909606933594
2020-01-16,22.775447845458984,77.64522552490234
2020-01-17,22.629995346069336,76.3818588256836
2020-01-21,22.2242488861084,73.85511779785156
2020-01-22,22.009889602661133,72.21619415283203
2020-01-23,21.925678253173828,71.02112579345703
2020-01-24,21.67304039001465,69.79192352294922
2020-01-27,21.07207489013672,67.26519012451172
2020-01-28,21.167770385742188,68.18709564208984
2020-01-29,20.945756912231445,66.7530288696289
2020-01-30,21.11418342590332,67.02616882324219
2020-01-31,20.455795288085938,65.42138671875
2020-02-03,20.187850952148438,64.29460906982422
2020-02-04,20.26058578491211,64.53361511230469
2020-02-05,21.02231216430664,68.050537109375
2020-02-06,20.807958602905273,66.78716278076172
2020-02-07,20.662500381469727,65.59209442138672
2020-02-10,20.55915069580078,63.95314407348633
2020-02-11,20.788820266723633,64.26046752929688
2020-02-12,21.06825065612793,65.11406707763672
2020-02-13,21.003173828125,64.70433807373047
2020-02-14,20.892169952392578,64.1239013671875
2020-02-18,20.71992301940918,63.44097900390625
2020-02-19,20.995519638061523,65.31896209716797
2020-02-20,20.97255516052246,65.55794525146484
2020-02-21,20.72374725341797,64.19217681884766
2020-02-24,19.766794204711914,60.265506744384766
2020-02-25,18.89405632019043,57.090049743652344
2020-02-26,18.323713302612305,54.187744140625
2020-02-27,17.34379005432129,50.63669204711914
2020-02-28,17.32847785949707,52.51466369628906
2020-03-02,18.02897071838379,52.48051452636719
2020-03-03,17.47776222229004,50.739139556884766
2020-03-04,17.891170501708984,50.875701904296875
2020-03-05,17.236616134643555,48.758731842041016
2020-03-06,16.268177032470703,44.080894470214844
2020-03-09,12.991576194763184,27.827987670898438
2020-03-10,13.607851028442383,33.905757904052734
2020-03-11,12.888226509094238,31.822921752929688
2020-03-12,11.280547142028809,28.13529396057129
2020-03-13,12.321709632873535,32.30094909667969
2020-03-16,10.64513111114502,29.56936264038086
2020-03-17,10.71785831451416,29.1254825592041
2020-03-18,9.179082870483398,26.530487060546875
2020-03-19,9.803014755249023,28.271873474121094
2020-03-20,9.898711204528809,28.169437408447266
2020-03-23,9.224028587341309,26.045068740844727
2020-03-24,10.703315734863281,29.25752830505371
2020-03-25,11.208152770996094,29.602947235107422
2020-03-26,11.893007278442383,29.810209274291992
2020-03-27,11.086833000183105,27.737653732299805
2020-03-30,11.200324058532715,27.642656326293945
2020-03-31,11.372519493103027,28.411237716674805
2020-04-01,10.808980941772461,26.80500602722168
2020-04-02,11.799083709716797,29.067543029785156
2020-04-03,11.673853874206543,30.164262771606445
2020-04-06,12.292180061340332,31.71868133544922
2020-04-07,12.554384231567383,32.70314025878906
2020-04-08,13.391862869262695,35.665164947509766
2020-04-09,13.27054500579834,35.83787155151367
2020-04-13,13.227493286132812,36.183311462402344
2020-04-14,13.164880752563477,35.75151824951172
2020-04-15,12.546554565429688,34.801597595214844
2020-04-16,12.010412216186523,33.221282958984375
2020-04-17,13.286197662353516,36.58054733276367
2020-04-20,12.871371269226074,37.1418571472168
2020-04-21,12.644393920898438,37.642723083496094
2020-04-22,13.094438552856445,38.70491027832031
2020-04-23,13.51708984375,40.22477340698242
2020-04-24,13.548402786254883,40.58747100830078
2020-04-27,13.841913223266602,41.47693634033203
2020-04-28,14.158903121948242,41.86554718017578
2020-04-29,15.207710266113281,46.399261474609375
2020-04-30,14.871152877807617,46.94329833984375
2020-05-01,14.029754638671875,43.18680191040039
2020-05-04,14.515023231506348,45.41478729248047
2020-05-05,14.52677059173584,44.689395904541016
2020-05-06,14.147162437438965,43.10042953491211
2020-05-07,14.515023231506348,43.73948669433594
2020-05-08,15.176400184631348,46.278358459472656
2020-05-11,14.910284042358398,45.27662658691406
2020-05-12,14.64808177947998,44.37851333618164
2020-05-13,13.982795715332031,41.425140380859375
2020-05-14,14.139334678649902,41.13151931762695
2020-05-15,14.08454704284668,41.399227142333984
2020-05-18,15.235103607177734,45.717037200927734
2020-05-19,14.808538436889648,44.361244201660156
2020-05-20,15.399469375610352,45.88975524902344
2020-05-21,15.152921676635742,45.53569793701172
2020-05-22,15.05899715423584,45.62205505371094
2020-05-26,15.477736473083496,47.47871017456055
2020-05-27,15.677323341369629,47.64278793334961
2020-05-28,15.239017486572266,45.57887268066406
2020-05-29,15.168573379516602,44.80167007446289
2020-06-01,15.434688568115234,46.105648040771484
2020-06-02,15.865168571472168,47.711875915527344
2020-06-03,16.330873489379883,48.644527435302734
2020-06-04,16.334787368774414,49.223106384277344
2020-06-05,17.547956466674805,55.0262565612793
2020-06-08,18.33847999572754,62.021095275878906
2020-06-09,17.649707794189453,57.521949768066406
2020-06-10,16.780920028686523,53.32502746582031
2020-06-11,15.199882507324219,48.273189544677734
2020-06-12,15.58340072631836,50.11258316040039
2020-06-15,15.630359649658203,50.57026290893555
2020-06-16,16.08041000366211,51.977874755859375
2020-06-17,15.532530784606934,49.542625427246094
2020-06-18,15.724283218383789,49.784420013427734
2020-06-19,15.485565185546875,48.428627014160156
2020-06-22,15.557308197021484,48.04740905761719
2020-06-23,15.573161125183105,47.8911018371582
2020-06-24,14.709089279174805,44.45232009887695
2020-06-25,14.990508079528809,45.372806549072266
2020-06-26,14.47126579284668,43.19317626953125
2020-06-29,14.665482521057129,44.096290588378906
2020-06-30,15.002397537231445,45.31202697753906
2020-07-01,14.637741088867188,43.99208068847656
2020-07-02,14.800249099731445,45.1209716796875
2020-07-06,14.84384822845459,45.216495513916016
2020-07-07,14.372175216674805,43.644737243652344
2020-07-08,14.360286712646484,43.68815231323242
2020-07-09,13.650793075561523,41.40431594848633
2020-07-10,14.086797714233398,42.9066047668457
2020-07-13,14.011484146118164,41.96876525878906
2020-07-14,14.502974510192871,43.757625579833984
2020-07-15,14.816105842590332,45.060184478759766
2020-07-16,14.748716354370117,44.947296142578125
2020-07-17,14.542613983154297,43.948673248291016
2020-07-20,14.300832748413086,43.58395004272461
2020-07-21,15.164908409118652,46.61458969116211
2020-07-22,14.978616714477539,46.119606018066406
2020-07-23,14.950870513916016,46.13698196411133
2020-07-24,14.867630958557129,45.833038330078125
2020-07-27,14.88348388671875,44.99939727783203
2020-07-28,14.629812240600586,44.348121643066406
2020-07-29,14.935015678405762,45.815677642822266
2020-07-30,14.348397254943848,44.64336013793945
2020-07-31,14.281013488769531,44.6086311340332
2020-08-03,14.33254337310791,45.10361099243164
2020-08-04,14.681342124938965,45.95461654663086
2020-08-05,14.835920333862305,46.92720031738281
2020-08-06,14.717011451721191,46.19776916503906
2020-08-07,14.736831665039062,47.00536346435547
2020-08-10,15.192652702331543,48.74210739135742
2020-08-11,15.141124725341797,47.943206787109375
2020-08-12,15.29174518585205,48.794219970703125
2020-08-13,14.994468688964844,47.68269729614258
2020-08-14,15.137160301208496,48.768165588378906
2020-08-17,15.049960136413574,48.49028396606445
2020-08-18,14.859704971313477,47.54375076293945
2020-08-19,14.689270973205566,47.213775634765625
2020-08-20,14.372175216674805,45.6246337890625
2020-08-21,14.281013488769531,44.929935455322266
2020-08-24,14.673413276672363,46.29329299926758
2020-08-25,14.467304229736328,46.5103874206543
2020-08-26,14.162104606628418,45.01676940917969
2020-08-27,14.189846992492676,45.4249153137207
2020-08-28,14.443519592285156,46.032772064208984
2020-08-31,14.130396842956543,44.6867790222168
2020-09-01,14.03526782989502,44.53047561645508
2020-09-02,13.967886924743652,43.35817337036133
2020-09-03,13.864830017089844,42.984764099121094
2020-09-04,13.821231842041016,42.94136047363281
2020-09-08,13.317846298217773,40.47514343261719
2020-09-09,13.409010887145996,40.900657653808594
2020-09-10,12.917518615722656,38.599456787109375
2020-09-11,12.929410934448242,38.73838424682617
2020-09-14,13.0285005569458,39.45046615600586
2020-09-15,12.933374404907227,39.27678680419922
2020-09-16,13.452610969543457,41.204586029052734
2020-09-17,13.472427368164062,41.282745361328125
2020-09-18,13.32181167602539,41.26537322998047
2020-09-21,12.8802490234375,39.670501708984375
2020-09-22,12.747293472290039,39.346614837646484
2020-09-23,12.171171188354492,37.289573669433594
2020-09-24,12.167141914367676,37.55217742919922
2020-09-25,12.159085273742676,37.10574722290039
2020-09-28,12.445131301879883,38.30495834350586
2020-09-29,12.102680206298828,37.15826416015625
2020-09-30,12.066418647766113,36.82564163208008
2020-10-01,11.69576644897461,35.600154876708984
2020-10-02,11.808572769165039,36.431739807128906
2020-10-05,12.163111686706543,38.06863021850586
2020-10-06,11.981812477111816,37.167022705078125
2020-10-07,12.15102481842041,38.21743392944336
2020-10-08,12.60628604888916,39.871826171875
2020-10-09,12.4048433303833,39.259090423583984
2020-10-12,12.4370756149292,39.346614837646484
2020-10-13,12.243688583374023,38.40999984741211
2020-10-14,12.296061515808105,38.593833923339844
2020-10-15,12.445131301879883,39.407894134521484
2020-10-16,12.163111686706543,38.12990188598633
2020-10-19,11.90526294708252,37.3508415222168
2020-10-20,12.046277046203613,38.14741516113281
2020-10-21,11.816631317138672,37.23705291748047
2020-10-22,12.304121971130371,39.18906784057617
2020-10-23,12.243688583374023,39.32036209106445
2020-10-26,11.804543495178223,37.23705291748047
2020-10-27,11.651447296142578,36.7818717956543
2020-10-28,11.163957595825195,34.707305908203125
2020-10-29,11.50640869140625,35.59140396118164
2020-10-30,11.570870399475098,35.52138137817383
2020-11-02,11.965697288513184,36.89567184448242
2020-11-03,11.897207260131836,36.58930206298828
2020-11-04,11.913323402404785,36.45799255371094
2020-11-05,11.913323402404785,36.65932846069336
2020-11-06,11.655478477478027,35.530128479003906
2020-11-09,13.319395065307617,41.28112030029297
2020-11-10,13.750484466552734,42.576629638671875
2020-11-11,13.609471321105957,42.26150131225586
2020-11-12,13.170327186584473,40.56334686279297
2020-11-13,13.649761199951172,42.76921081542969
2020-11-16,14.548192977905273,45.185157775878906
2020-11-17,14.697258949279785,45.920433044433594
2020-11-18,14.270203590393066,44.931312561035156
2020-11-19,14.503874778747559,46.01673126220703
2020-11-20,14.427330017089844,45.57029724121094
2020-11-23,15.446630477905273,49.631900787353516
2020-11-24,16.240314483642578,52.187896728515625
2020-11-25,15.861601829528809,51.40009689331055
2020-11-27,15.676274299621582,50.664791107177734
2020-11-30,14.810068130493164,47.32099151611328
2020-12-01,14.878561019897461,47.0933952331543
2020-12-02,15.362022399902344,48.61650085449219
2020-12-03,15.523174285888672,49.23798751831055
2020-12-04,16.369239807128906,53.395851135253906
2020-12-07,15.986492156982422,51.618919372558594
2020-12-08,16.224199295043945,52.406734466552734
2020-12-09,16.260459899902344,52.78312301635742
2020-12-10,16.760028839111328,55.75928497314453
2020-12-11,16.566650390625,54.691368103027344
2020-12-14,15.986492156982422,52.47675323486328
2020-12-15,16.30074691772461,53.597190856933594
2020-12-16,16.220165252685547,52.87941360473633
2020-12-17,16.143613815307617,52.87941360473633
2020-12-18,15.873690605163574,52.187896728515625
2020-12-21,15.56748104095459,51.2825927734375
2020-12-22,15.30618667602539,50.40280532836914
2020-12-23,15.645050048828125,52.672645568847656
2020-12-24,15.563401222229004,51.90723419189453
2020-12-28,15.465413093566895,50.95707321166992
2020-12-29,15.363344192504883,50.49078369140625
2020-12-30,15.604228973388672,52.18877029418945
2020-12-31,15.473580360412598,51.46734619140625
2021-01-04,15.49807357788086,51.933631896972656
2021-01-05,16.192140579223633,55.26801681518555
2021-01-06,16.686153411865234,57.41468048095703
2021-01-07,16.931116104125977,58.53200912475586
2021-01-08,16.91069984436035,57.62583541870117
2021-01-11,17.176084518432617,58.839935302734375
2021-01-12,17.776243209838867,62.13032913208008
2021-01-13,17.637434005737305,61.004188537597656
2021-01-14,18.160022735595703,63.089298248291016
2021-01-15,17.453710556030273,60.942604064941406
2021-01-19,17.804824829101562,62.024742126464844
2021-01-20,17.870149612426758,61.68162536621094
2021-01-21,17.26590347290039,59.6053466796875
2021-01-22,17.176084518432617,59.86928176879883
2021-01-25,17.000516891479492,59.684513092041016
2021-01-26,16.63715934753418,58.11851501464844
2021-01-27,16.412607192993164,58.80474090576172
2021-01-28,16.60449981689453,58.72557830810547
2021-01-29,16.053327560424805,56.58769226074219
2021-02-01,16.16764259338379,57.71380615234375
2021-02-02,16.34320068359375,58.021728515625
2021-02-03,17.041351318359375,61.19775390625
2021-02-04,17.229156494140625,61.40890121459961
2021-02-05,17.376136779785156,61.59366989135742
2021-02-08,18.10286521911621,65.55268859863281
2021-02-09,17.910978317260742,64.41777038574219
2021-02-10,18.253929138183594,65.89580535888672
2021-02-11,17.97221565246582,64.67289733886719
2021-02-12,18.237592697143555,66.53805541992188
2021-02-16,18.694856643676758,68.77269744873047
2021-02-17,18.97248077392578,69.5468978881836
2021-02-18,18.54379653930664,66.49407196044922
2021-02-19,18.854089736938477,68.21842193603516
2021-02-22,19.507322311401367,70.32111358642578
2021-02-23,19.829856872558594,71.83435821533203
2021-02-24,20.532093048095703,74.658447265625
2021-02-25,20.136066436767578,72.4501953125
2021-02-26,19.658384323120117,70.83137512207031
2021-03-01,20.168731689453125,72.82849884033203
2021-03-02,20.05849838256836,72.2566146850586
2021-03-03,20.352447509765625,73.72589111328125
2021-03-04,20.838298797607422,76.18046569824219
2021-03-05,21.61810302734375,79.18053436279297
2021-03-08,21.6589298248291,78.01922607421875
2021-03-09,21.279232025146484,75.92536926269531
2021-03-10,21.818153381347656,78.64386749267578
2021-03-11,21.82632064819336,80.1570816040039
2021-03-12,21.87122917175293,79.567626953125
2021-03-15,21.622182846069336,79.057373046875
2021-03-16,21.005691528320312,76.63796997070312
2021-03-17,21.168994903564453,76.9810791015625
2021-03-18,20.217723846435547,71.79035949707031
2021-03-19,20.221803665161133,73.68189239501953
2021-03-22,20.027877807617188,72.65780639648438
2021-03-23,19.73492431640625,69.17644500732422
2021-03-24,20.23005485534668,70.21026611328125
2021-03-25,20.3043270111084,71.40308380126953
2021-03-26,20.80770492553711,73.62091827392578
2021-03-29,20.560136795043945,71.4649429321289
2021-03-30,20.382722854614258,71.35005950927734
2021-03-31,20.242433547973633,71.87137603759766
2021-04-01,20.75819206237793,75.60015106201172
2021-04-05,20.2630672454834,71.950927734375
2021-04-06,20.20942497253418,72.4545669555664
2021-04-07,20.279569625854492,72.28668975830078
2021-04-08,20.015501022338867,70.73157501220703
2021-04-09,19.883466720581055,69.3531723022461
2021-04-12,19.72667694091797,67.6743392944336
2021-04-13,19.747310638427734,67.85987091064453
2021-04-14,20.296070098876953,70.72273254394531
2021-04-15,20.131027221679688,69.63591003417969
2021-04-16,19.970117568969727,68.48725891113281
2021-04-19,19.949481964111328,68.4695816040039
2021-04-20,19.421350479125977,65.3858413696289
2021-04-21,19.668912887573242,66.68472290039062
2021-04-22,19.43785285949707,66.12803649902344
2021-04-23,19.615272521972656,67.04698181152344
2021-04-26,19.747310638427734,68.72581481933594
2021-04-27,19.986616134643555,70.03352355957031
2021-04-28,20.675670623779297,73.02892303466797
2021-04-29,20.906726837158203,72.97591400146484
2021-04-30,20.378597259521484,70.86409759521484
2021-05-03,20.939735412597656,73.28515625
2021-05-04,20.95211410522461,73.17913055419922
2021-05-05,21.628786087036133,75.1230239868164
2021-05-06,21.740190505981445,74.69007110595703
2021-05-07,22.128040313720703,76.56327056884766
2021-05-10,22.136293411254883,75.60899353027344
2021-05-11,21.566896438598633,74.69890594482422
2021-05-12,21.6700496673584,74.4161605834961
2021-05-13,21.405986785888672,72.09230041503906
2021-05-14,22.070276260375977,76.30704498291016
2021-05-17,22.5819091796875,79.25823211669922
2021-05-18,22.057897567749023,78.03004455566406
2021-05-19,21.509138107299805,76.3954086303711
2021-05-20,21.476125717163086,76.05962371826172
2021-05-21,21.521514892578125,76.5279312133789
2021-05-24,21.736066818237305,77.42918395996094
2021-05-25,21.294578552246094,75.37042236328125
2021-05-26,21.484376907348633,77.46453094482422
2021-05-27,21.50088119506836,78.6750717163086
2021-05-28,21.542144775390625,78.70157623291016
2021-06-01,22.371482849121094,83.79106903076172
2021-06-02,22.788211822509766,85.13411712646484
2021-06-03,22.850101470947266,85.22249603271484
2021-06-04,23.002763748168945,85.19596862792969
2021-06-07,22.903738021850586,86.0177230834961
2021-06-08,23.101791381835938,86.85711669921875
2021-06-09,22.957382202148438,86.37998962402344
2021-06-10,22.928503036499023,85.45221710205078
2021-06-11,22.850101470947266,86.02655792236328
2021-06-14,22.751075744628906,85.08110809326172
2021-06-15,23.184314727783203,86.56553649902344
2021-06-16,23.060529708862305,86.10607147216797
2021-06-17,22.276580810546875,82.19178009033203
2021-06-18,21.616409301757812,80.41574096679688
2021-06-21,22.537588119506836,84.5916748046875
2021-06-22,22.687646865844727,85.0617446899414
2021-06-23,22.750171661376953,86.06405639648438
2021-06-24,22.946075439453125,87.43889617919922
2021-06-25,23.066953659057617,88.47664642333984
2021-06-28,22.287492752075195,84.61827850341797
2021-06-29,22.179119110107422,84.1659164428711
2021-06-30,22.4542236328125,85.76249694824219
2021-07-01,22.846036911010742,87.79367065429688
2021-07-02,22.796018600463867,86.20598602294922
2021-07-06,22.054075241088867,82.69352722167969
2021-07-07,21.695606231689453,80.77762603759766
2021-07-08,21.57056427001953,81.22998046875
2021-07-09,22.029067993164062,83.27892303466797
2021-07-12,21.99571990966797,82.6757583618164
2021-07-13,21.828994750976562,81.62913513183594
2021-07-14,21.178747177124023,77.59336853027344
2021-07-15,20.882801055908203,76.03226470947266
2021-07-16,20.29091453552246,73.01652526855469
2021-07-19,19.5739803314209,70.03626251220703
2021-07-20,19.836580276489258,71.72151184082031
2021-07-21,20.528505325317383,75.17188262939453
2021-07-22,20.299259185791016,73.64627838134766
2021-07-23,20.224220275878906,72.89236450195312
2021-07-26,20.724411010742188,75.12755584716797
2021-07-27,20.532670974731445,72.80363464355469
2021-07-28,20.720243453979492,74.42681884765625
2021-07-29,20.92031478881836,74.32039642333984
2021-07-30,20.58686065673828,73.4422836303711
2021-08-02,20.43263816833496,71.97875213623047
2021-08-03,20.78276824951172,73.46001434326172
2021-08-04,20.220056533813477,70.16043090820312
2021-08-05,20.449304580688477,72.04083251953125
2021-08-06,20.636878967285156,72.84797668457031
2021-08-09,20.345108032226562,71.6417007446289
2021-08-10,20.70356559753418,73.61965942382812
2021-08-11,20.866127014160156,73.88577270507812
2021-08-12,20.845287322998047,73.6640396118164
2021-08-13,20.5993709564209,71.1627426147461
2021-08-16,20.220056533813477,69.07831573486328
2021-08-17,20.01164436340332,68.59933471679688
2021-08-18,19.59482192993164,66.67459106445312
2021-08-19,19.0862979888916,64.64338684082031
2021-08-20,19.127981185913086,64.90060424804688
2021-08-23,19.84491729736328,68.1824722290039
2021-08-24,20.174205780029297,70.22251892089844
2021-08-25,20.328432083129883,71.4820556640625
2021-08-26,20.019977569580078,70.26688385009766
2021-08-27,20.553512573242188,73.97447204589844
2021-08-30,20.311758041381836,72.75042724609375
2021-08-31,20.174205780029297,73.30924224853516
2021-09-01,19.878263473510742,72.75929260253906
2021-09-02,20.382619857788086,75.18077087402344
2021-09-03,20.265907287597656,74.96785736083984
2021-09-07,20.145029067993164,74.75501251220703
2021-09-08,19.886598587036133,73.8946304321289
2021-09-09,19.92827796936035,74.81709289550781
2021-09-10,19.91994285583496,74.21393585205078
2021-09-13,20.49099349975586,77.2740478515625
2021-09-14,20.19504737854004,75.3404312133789
2021-09-15,20.949493408203125,79.76646423339844
2021-09-16,20.71190643310547,78.72869873046875
2021-09-17,20.55768394470215,78.0102310180664
2021-09-20,19.929914474487305,75.15625762939453
2021-09-21,19.976320266723633,75.32545471191406
2021-09-22,20.592281341552734,78.11265563964844
2021-09-23,21.313703536987305,81.5142593383789
2021-09-24,21.47402000427246,81.96841430664062
2021-09-27,22.237634658813477,87.87226104736328
2021-09-28,22.313575744628906,86.68794250488281
2021-09-29,22.313575744628906,86.40299224853516
2021-09-30,21.976064682006836,86.1269302368164
2021-10-01,22.714365005493164,88.37094116210938
2021-10-04,23.08562660217285,90.61495208740234
2021-10-05,23.22062873840332,91.15812683105469
2021-10-06,22.97593879699707,89.12784576416016
2021-10-07,23.153127670288086,91.53213500976562
2021-10-08,23.866117477416992,93.82955932617188
2021-10-11,23.77751922607422,93.50900268554688
2021-10-12,23.798612594604492,93.21513366699219
2021-10-13,23.77751922607422,92.82331848144531
2021-10-14,24.068620681762695,94.22137451171875
2021-10-15,24.186752319335938,93.68708038330078
2021-10-18,24.203624725341797,94.17686462402344
2021-10-19,24.477855682373047,94.93375396728516
2021-10-20,24.676137924194336,96.13589477539062
2021-10-21,24.22049903869629,94.06108856201172
2021-10-22,24.448318481445312,95.79752349853516
2021-10-25,24.80691909790039,98.5669174194336
2021-10-26,24.950359344482422,98.41551971435547
2021-10-27,24.2331600189209,94.23917388916016
2021-10-28,24.406126022338867,95.3077392578125
2021-10-29,24.245811462402344,94.71112823486328
2021-11-01,24.663484573364258,97.57848358154297
2021-11-02,24.431446075439453,96.54551696777344
2021-11-03,24.228940963745117,95.64614868164062
2021-11-04,24.2626895904541,95.07623291015625
2021-11-05,24.5791015625,97.69425201416016
2021-11-08,24.802703857421875,99.26148223876953
2021-11-09,24.90395736694336,99.0655746459961
2021-11-10,24.245811462402344,94.42619323730469
2021-11-11,24.338632583618164,95.86875915527344
2021-11-12,24.279563903808594,95.65504455566406
2021-11-15,24.482065200805664,96.3050765991211
2021-11-16,24.520038604736328,95.77970123291016
2021-11-17,24.14455795288086,92.37808990478516
2021-11-18,24.001117706298828,92.57398986816406
2021-11-19,23.064533233642578,87.9524154663086
2021-11-22,23.473764419555664,89.34156799316406
2021-11-23,24.1951904296875,92.9390869140625
2021-11-24,24.431446075439453,94.15904998779297
2021-11-26,23.448448181152344,87.97914123535156
2021-11-29,23.583454132080078,89.07442474365234
2021-11-30,23.030780792236328,86.72355651855469
2021-12-01,22.786083221435547,83.28630065917969
2021-12-02,23.448448181152344,85.98444366455078
2021-12-03,23.2628173828125,84.71110534667969
2021-12-06,23.6087646484375,87.311279296875
2021-12-07,24.16143226623535,90.81977081298828
2021-12-08,24.157217025756836,90.98892974853516
2021-12-09,23.97158432006836,89.35936737060547
2021-12-10,24.148780822753906,90.43685913085938
2021-12-13,23.477981567382812,86.36735534667969
2021-12-14,23.380945205688477,84.83573913574219
2021-12-15,23.267038345336914,85.17413330078125
2021-12-16,23.414697647094727,84.36378479003906
2021-12-17,22.93796730041504,83.3575439453125
2021-12-20,22.653778076171875,81.41331481933594
2021-12-21,23.299076080322266,85.25345611572266
2021-12-22,23.448650360107422,85.74579620361328
2021-12-23,23.461469650268555,85.4235610961914
2021-12-27,23.974285125732422,88.8788070678711
2021-12-28,23.957189559936523,88.10896301269531
2021-12-29,23.8033504486084,87.75092315673828
2021-12-30,23.658052444458008,86.10385131835938
2021-12-31,23.717876434326172,85.81739807128906
2022-01-03,24.452922821044922,89.89029693603516
2022-01-04,25.299072265625,93.7483901977539
2022-01-05,25.294797897338867,90.8839340209961
2022-01-06,25.858896255493164,93.64993286132812
2022-01-07,26.21359634399414,93.72151184082031
2022-01-10,26.13239860534668,93.13967895507812
2022-01-11,27.021289825439453,97.25733947753906
2022-01-12,27.072568893432617,98.27781677246094
2022-01-13,26.935813903808594,96.3622055053711
2022-01-14,27.56829833984375,99.35198211669922
2022-01-18,27.679405212402344,97.67807006835938
2022-01-19,27.47854995727539,96.6038818359375
2022-01-20,27.226415634155273,93.3635025024414
2022-01-21,26.68795394897461,90.00667572021484
2022-01-24,26.8674373626709,91.62689208984375
2022-01-25,27.910175323486328,95.1090087890625
2022-01-26,27.8631649017334,93.87369537353516
2022-01-27,28.16658592224121,93.91845703125
2022-01-28,28.04692840576172,94.90310668945312
2022-01-31,28.170856475830078,95.42229461669922
2022-02-01,29.175125122070312,99.450439453125
2022-02-02,29.269142150878906,100.11283874511719
2022-02-03,28.99136734008789,98.65377807617188
2022-02-04,29.444358825683594,100.1844482421875
2022-02-07,29.820425033569336,99.55784606933594
2022-02-08,29.179399490356445,96.4427490234375
2022-02-09,29.422992706298828,98.4210433959961
2022-02-10,29.239227294921875,98.52843475341797
2022-02-11,30.08965301513672,102.00160217285156
2022-02-14,29.3802547454834,99.60263061523438
2022-02-15,29.07256507873535,98.59109497070312
2022-02-16,29.307600021362305,98.04505920410156
2022-02-17,29.260601043701172,98.15249633789062
2022-02-18,29.081111907958984,97.07830047607422
2022-02-22,28.61101722717285,95.12690734863281
2022-02-23,28.905899047851562,96.7829360961914
2022-02-24,28.679401397705078,98.42996978759766
2022-02-25,29.435808181762695,99.42359924316406
2022-02-28,30.16230010986328,104.65123748779297
2022-03-01,30.46572494506836,106.75482940673828
2022-03-02,31.16229820251465,108.76889038085938
2022-03-03,31.24777603149414,107.658935546875
2022-03-04,32.14948272705078,111.9018783569336
2022-03-07,32.62383270263672,112.54639434814453
2022-03-08,33.136653900146484,113.63845825195312
2022-03-09,32.12382888793945,112.626953125
2022-03-10,33.10673522949219,114.87377166748047
2022-03-11,32.84178161621094,113.07453918457031
2022-03-14,31.8588809967041,108.28551483154297
2022-03-15,30.69222640991211,106.40570068359375
2022-03-16,30.551198959350586,106.64739990234375
2022-03-17,31.60246467590332,112.23311614990234
2022-03-18,31.572553634643555,112.06301879882812
2022-03-21,32.84529495239258,115.85598754882812
2022-03-22,32.60369110107422,115.18203735351562
2022-03-23,33.16455841064453,117.58131408691406
2022-03-24,33.24652862548828,118.89324951171875
2022-03-25,33.97566223144531,124.54544830322266
2022-03-28,33.13435745239258,121.42727661132812
2022-03-29,33.04806900024414,121.5710678100586
2022-03-30,33.43204879760742,122.65838623046875
2022-03-31,32.97904586791992,120.9061050415039
2022-04-01,33.24652862548828,124.43761444091797
2022-04-04,33.289676666259766,124.78807067871094
2022-04-05,32.76763153076172,121.92150115966797
2022-04-06,32.96178436279297,121.79569244384766
2022-04-07,33.39323043823242,122.90998840332031
2022-04-08,34.31217956542969,125.7046127319336
2022-04-11,33.28104782104492,123.13461303710938
2022-04-12,33.83327865600586,124.84195709228516
2022-04-13,34.33806228637695,128.13079833984375
2022-04-14,34.45024108886719,128.4363555908203
2022-04-18,34.95502471923828,130.8715362548828
2022-04-19,34.67026901245117,128.84071350097656
2022-04-20,34.804012298583984,130.60194396972656
2022-04-21,33.69953918457031,124.9228286743164
2022-04-22,32.87548828125,119.7469253540039
2022-04-25,31.788265228271484,117.4375228881836
2022-04-26,31.8314151763916,116.13458251953125
2022-04-27,32.297367095947266,117.83291625976562
2022-04-28,33.27672576904297,121.59803771972656
2022-04-29,32.4224853515625,118.4439697265625
2022-05-02,32.94021224975586,118.61470031738281
2022-05-03,33.86349105834961,124.18597412109375
2022-05-04,35.26997375488281,129.2091064453125
2022-05-05,34.739295959472656,125.84839630126953
2022-05-06,35.77475357055664,127.49283599853516
2022-05-09,32.81509780883789,114.3373794555664
2022-05-10,33.112789154052734,114.89449310302734
2022-05-11,33.55717086791992,115.44264221191406
2022-05-12,33.69953918457031,115.19104766845703
2022-05-13,34.851478576660156,120.07939147949219
2022-05-16,35.77043914794922,122.82010650634766
2022-05-17,36.18461990356445,126.39653778076172
2022-05-18,35.25703430175781,122.23600769042969
2022-05-19,35.127593994140625,122.18209075927734
2022-05-20,35.27859115600586,122.90998840332031
2022-05-23,36.21049880981445,127.9510726928711
2022-05-24,36.34856033325195,127.5377426147461
2022-05-25,37.09926223754883,132.66873168945312
2022-05-26,37.509124755859375,135.69696044921875
2022-05-27,38.195106506347656,141.11553955078125
2022-05-31,37.62129592895508,138.94993591308594
2022-06-01,38.233943939208984,143.48780822753906
2022-06-02,38.113136291503906,143.52374267578125
2022-06-03,38.617916107177734,145.23109436035156
2022-06-06,38.57478332519531,146.4980926513672
2022-06-07,39.72671890258789,151.99755859375
2022-06-08,39.81300354003906,150.69456481933594
2022-06-09,38.9328727722168,148.69967651367188
2022-06-10,38.272769927978516,146.18357849121094
2022-06-13,36.27521896362305,137.07186889648438
2022-06-14,36.34424591064453,136.03846740722656
2022-06-15,35.541778564453125,134.02561950683594
2022-06-16,33.53990936279297,125.51591491699219
2022-06-17,31.70629119873047,116.3771743774414
2022-06-21,33.348880767822266,121.15634155273438
2022-06-22,32.01386642456055,113.89764404296875
2022-06-23,30.827207565307617,108.96209716796875
2022-06-24,31.23293685913086,110.2728042602539
2022-06-27,32.14912033081055,115.31683349609375
2022-06-28,33.017311096191406,118.35411834716797
2022-06-29,31.86989974975586,112.10782623291016
2022-06-30,31.198040008544922,108.00390625
2022-07-01,31.664854049682617,109.30559539794922
2022-07-05,30.408384323120117,103.33047485351562
2022-07-06,29.889211654663086,101.58586120605469
2022-07-07,30.966815948486328,107.3620834350586
2022-07-08,30.953725814819336,107.05475616455078
2022-07-11,30.65705680847168,105.7711410522461
2022-07-12,30.059364318847656,103.26719665527344
2022-07-13,30.011371612548828,104.12596130371094
2022-07-14,29.4442138671875,102.31805419921875
2022-07-15,29.924110412597656,104.84911346435547
2022-07-18,30.60906982421875,107.87734985351562
2022-07-19,31.551424026489258,112.11685180664062
2022-07-20,31.856813430786133,115.30780792236328
2022-07-21,31.298385620117188,112.05360412597656
2022-07-22,31.040979385375977,109.61292266845703
2022-07-25,32.17966079711914,115.61515045166016
2022-07-26,31.88735580444336,114.80158233642578
2022-07-27,32.60721206665039,119.31230163574219
2022-07-28,32.79045104980469,119.86373901367188
2022-07-29,34.21269607543945,123.85918426513672
2022-08-01,33.50593566894531,121.19252014160156
2022-08-02,33.427398681640625,121.78011322021484
2022-08-03,32.467586517333984,118.71570587158203
2022-08-04,31.263479232788086,113.18351745605469
2022-08-05,31.88298988342285,116.66373443603516
2022-08-08,32.048770904541016,117.10667419433594
2022-08-09,32.611568450927734,118.4987564086914
2022-08-10,32.847171783447266,120.49647521972656
2022-08-11,33.977108001708984,125.62186431884766
2022-08-12,34.234519958496094,126.77892303466797
2022-08-15,33.5670166015625,123.54279327392578
2022-08-16,33.488487243652344,123.52471160888672
2022-08-17,33.7677116394043,125.28742980957031
2022-08-18,34.67515182495117,130.7563018798828
2022-08-19,34.666419982910156,128.9303436279297
2022-08-22,34.60098648071289,129.66250610351562
2022-08-23,35.84872817993164,132.55516052246094
2022-08-24,36.28936767578125,135.1675567626953
2022-08-25,36.5685920715332,135.96304321289062
2022-08-26,36.14103317260742,134.697509765625
2022-08-29,36.686378479003906,136.3427276611328
2022-08-30,35.442996978759766,129.53598022460938
2022-08-31,35.12015151977539,130.8466796875
2022-09-01,34.25632858276367,125.7574691772461
2022-09-02,34.88457107543945,128.72244262695312
2022-09-06,34.561729431152344,126.82411193847656
2022-09-07,34.16035079956055,124.51000213623047
2022-09-08,34.308685302734375,125.98345184326172
2022-09-09,35.16377639770508,129.45462036132812
2022-09-12,35.809478759765625,131.2534637451172
2022-09-13,34.9063720703125,127.6647720336914
2022-09-14,35.89235305786133,132.1664581298828
2022-09-15,34.96745300292969,127.50209045410156
2022-09-16,34.22142791748047,124.03996276855469
2022-09-19,34.24171447753906,123.99893188476562
2022-09-20,34.00355911254883,122.22128295898438
2022-09-21,33.505191802978516,119.65962219238281
2022-09-22,33.386112213134766,117.60845184326172
2022-09-23,31.08392906188965,108.12759399414062
2022-09-26,30.320938110351562,104.681640625
2022-09-27,30.660531997680664,107.39827728271484
2022-09-28,32.0189094543457,114.44513702392578
2022-09-29,32.0189094543457,113.70671081542969
2022-09-30,31.763113021850586,113.69759368896484
2022-10-03,33.558109283447266,121.02706146240234
2022-10-04,35.00028610229492,127.37195587158203
2022-10-05,35.72358703613281,129.70570373535156
2022-10-06,36.35866928100586,131.5927734375
2022-10-07,36.076412200927734,129.97915649414062
2022-10-10,35.33547592163086,127.63632202148438
2022-10-11,35.05321502685547,125.9406967163086
2022-10-12,35.33547592163086,127.36286163330078
2022-10-13,36.77764892578125,132.0303497314453
2022-10-14,35.406036376953125,125.46664428710938
2022-10-17,35.847076416015625,128.456787109375
2022-10-18,36.16020584106445,129.72389221191406
2022-10-19,37.227508544921875,133.04222106933594
2022-10-20,37.26278305053711,131.5927734375
2022-10-21,38.338905334472656,134.54641723632812
2022-10-24,38.51972579956055,134.58287048339844
2022-10-25,38.559417724609375,135.7041778564453
2022-10-26,39.08424758911133,137.8191375732422
2022-10-27,39.225372314453125,136.6978759765625
2022-10-28,39.362098693847656,136.07794189453125
2022-10-31,39.692874908447266,137.91943359375
2022-11-01,40.076568603515625,139.66065979003906
2022-11-02,39.1107063293457,135.98675537109375
2022-11-03,39.83399963378906,139.08627319335938
2022-11-04,40.31912612915039,141.77557373046875
2022-11-07,41.011558532714844,146.0692901611328
2022-11-08,41.05125427246094,145.12124633789062
2022-11-09,39.04454803466797,135.57652282714844
2022-11-10,39.913387298583984,140.65426635742188
2022-11-11,41.07329559326172,145.07565307617188
2022-11-14,41.060062408447266,142.96070861816406
2022-11-15,41.49227523803711,146.4248504638672
2022-11-16,40.6454963684082,142.19493103027344
2022-11-17,40.733707427978516,141.89410400390625
2022-11-18,40.411746978759766,140.32611083984375
2022-11-21,39.8648681640625,137.65505981445312
2022-11-22,41.11300277709961,143.2433319091797
2022-11-23,40.66754913330078,140.97337341308594
2022-11-25,40.517601013183594,140.9824676513672
2022-11-28,39.40619659423828,135.80445861816406
2022-11-29,40.001583099365234,137.40890502929688
2022-11-30,40.20005798339844,138.67605590820312
2022-12-01,40.067745208740234,135.91384887695312
2022-12-02,39.829586029052734,134.77432250976562
2022-12-05,38.64762496948242,128.5205535888672
2022-12-06,37.62884521484375,124.96527862548828
2022-12-07,37.54063034057617,123.88043212890625
2022-12-08,37.373043060302734,121.06352233886719
2022-12-09,36.46451950073242,118.79354095458984
2022-12-12,37.42155456542969,123.29698944091797
2022-12-13,38.13160705566406,125.5122299194336
2022-12-14,37.89786911010742,124.85586547851562
2022-12-15,37.66853332519531,125.37547302246094
2022-12-16,37.205448150634766,123.21493530273438
2022-12-19,37.20100402832031,121.22271728515625
2022-12-20,37.76241683959961,122.49882507324219
2022-12-21,38.47978973388672,125.61112213134766
2022-12-22,37.593101501464844,121.65420532226562
2022-12-23,38.79169845581055,126.34558868408203
2022-12-27,39.206077575683594,127.1718521118164
2022-12-28,38.32828903198242,121.52568054199219
2022-12-29,38.72932052612305,124.14218139648438
2022-12-30,38.97438430786133,124.74813079833984
2023-01-03,37.60646438598633,117.77074432373047
2023-01-04,37.602012634277344,118.18389129638672
2023-01-05,38.28819274902344,118.35833740234375
2023-01-06,39.01448440551758,120.78202819824219
2023-01-09,38.8763542175293,122.01223754882812
2023-01-10,39.152610778808594,122.42539978027344
2023-01-11,39.272911071777344,123.38019561767578
2023-01-12,40.021480560302734,127.02494049072266
2023-01-13,40.079402923583984,127.69514465332031
2023-01-17,40.1640625,128.30104064941406
2023-01-18,39.42886734008789,125.7947006225586
2023-01-19,39.91899490356445,128.24598693847656
2023-01-20,40.31556701660156,130.09132385253906
2023-01-23,40.36902618408203,131.9641876220703
2023-01-24,40.21308135986328,130.54119873046875
2023-01-25,40.217533111572266,130.40345764160156
2023-01-26,41.4874153137207,133.53411865234375
2023-01-27,40.649742126464844,131.71633911132812
2023-01-30,39.718482971191406,127.45645904541016
2023-01-31,40.07049560546875,129.42112731933594
2023-02-01,39.28183364868164,126.41901397705078
2023-02-02,38.38622283935547,124.454345703125
2023-02-03,38.30156707763672,123.8943099975586
2023-02-06,38.12779235839844,121.4246826171875
2023-02-07,39.366485595703125,126.32722473144531
2023-02-08,39.01448440551758,124.79402160644531
2023-02-09,38.68030548095703,122.84771728515625
2023-02-10,40.19525146484375,129.26507568359375
2023-02-13,40.092769622802734,128.3653106689453
2023-02-14,40.10613250732422,129.10899353027344
2023-02-15,39.42441177368164,126.98827362060547
2023-02-16,39.0367546081543,125.31732940673828
2023-02-17,37.64657211303711,119.91903686523438
2023-02-21,37.459434509277344,118.12881469726562
2023-02-22,37.209903717041016,118.00027465820312
2023-02-23,37.77132797241211,121.54402923583984
2023-02-24,37.722320556640625,123.20575714111328
2023-02-27,37.833709716796875,123.91267395019531
2023-02-28,37.290103912353516,122.07652282714844
2023-03-01,38.025299072265625,124.84910583496094
2023-03-02,38.3594856262207,126.55673217773438
2023-03-03,38.88080978393555,129.57717895507812
2023-03-06,38.89862823486328,127.05252838134766
2023-03-07,38.22135543823242,124.9317626953125
2023-03-08,37.82925796508789,123.00379180908203
2023-03-09,37.29456329345703,119.98332214355469
2023-03-10,36.81779479980469,117.55039978027344
2023-03-13,36.069236755371094,113.96992492675781
2023-03-14,36.42570495605469,114.70439910888672
2023-03-15,34.469627380371094,107.4424057006836
2023-03-16,34.84390640258789,110.39861297607422
2023-03-17,34.295860290527344,108.02079772949219
2023-03-20,34.98244094848633,110.5328140258789
2023-03-21,36.19354248046875,114.38323974609375
2023-03-22,35.42365646362305,111.310302734375
2023-03-23,34.932918548583984,109.66276550292969
2023-03-24,35.0679931640625,110.81047821044922
2023-03-27,35.81536102294922,113.92044067382812
2023-03-28,36.369136810302734,115.4106216430664
2023-03-29,36.873390197753906,116.72493743896484
2023-03-30,37.03546905517578,116.62313079833984
2023-03-31,37.292091369628906,118.09480285644531
2023-04-03,38.98044204711914,123.91670227050781
2023-04-04,38.27358627319336,121.06592559814453
2023-04-05,38.84987258911133,122.23213195800781
2023-04-06,38.26007843017578,120.51058197021484
2023-04-10,38.56623458862305,123.1021957397461
2023-04-11,38.93092346191406,124.80526733398438
2023-04-12,38.957923889160156,123.7871322631836
2023-04-13,39.201045989990234,124.5275650024414
2023-04-14,39.27308654785156,124.41651916503906
2023-04-17,38.80936050415039,122.18585968017578
2023-04-18,38.96242904663086,121.76934051513672
2023-04-19,38.82735824584961,120.39949798583984
2023-04-20,38.48518753051758,118.4927978515625
2023-04-21,38.26007843017578,117.46540069580078
2023-04-24,38.845375061035156,119.62201690673828
2023-04-25,38.116004943847656,115.71604919433594
2023-04-26,37.607242584228516,113.69830322265625
2023-04-27,37.742313385009766,114.57759094238281
2023-04-28,38.32761764526367,117.65050506591797
2023-05-01,37.89540100097656,116.8267593383789
2023-05-02,36.24757385253906,111.43988037109375
2023-05-03,35.563232421875,109.26477813720703
2023-05-04,35.16703796386719,107.62647247314453
2023-05-05,36.12151336669922,111.37509155273438
2023-05-08,36.12151336669922,111.68052673339844
2023-05-09,36.135013580322266,111.06965637207031
2023-05-10,35.72531509399414,110.43099975585938
2023-05-11,35.29759979248047,109.14443969726562
2023-05-12,35.35163116455078,110.16258239746094
2023-05-15,35.53171157836914,112.24513244628906
2023-05-16,34.65828323364258,109.04261779785156
2023-05-17,35.32461166381836,111.43061065673828
2023-05-18,35.581233978271484,113.67052459716797
2023-05-19,35.85587692260742,113.88340759277344
2023-05-22,35.707298278808594,115.86415100097656
2023-05-23,36.089996337890625,116.16033935546875
2023-05-24,36.24757385253906,116.77122497558594
2023-05-25,35.6037483215332,113.62425994873047
2023-05-26,35.464176177978516,113.23548889160156
2023-05-30,35.09950256347656,110.99560546875
2023-05-31,34.482688903808594,109.30178833007812
2023-06-01,34.910400390625,110.11629486083984
2023-06-02,35.97293472290039,114.64237976074219
2023-06-05,35.73432159423828,113.0411148071289
2023-06-06,36.0224609375,115.23477172851562
2023-06-07,36.97694396972656,119.47393035888672
2023-06-08,36.81935501098633,118.85379028320312
2023-06-09,36.61676788330078,117.81713104248047
2023-06-12,36.26557922363281,115.84565734863281
2023-06-13,36.43667221069336,117.04891204833984
2023-06-14,36.0629768371582,115.41987609863281
2023-06-15,36.45917892456055,117.72457122802734
2023-06-16,36.405155181884766,118.23363494873047
2023-06-20,35.59033966064453,115.36602783203125
2023-06-21,35.87192916870117,116.53990936279297
2023-06-22,35.39049530029297,114.3319091796875
2023-06-23,35.13615036010742,113.36297607421875
2023-06-26,35.7674674987793,115.11447143554688
2023-06-27,35.84922409057617,115.73868560791016
2023-06-28,36.21257781982422,117.05231475830078
2023-06-29,36.63043212890625,119.31621551513672
2023-06-30,36.866607666015625,120.02427673339844
2023-07-03,36.95290756225586,120.19195556640625
2023-07-05,36.7485237121582,119.62364959716797
2023-07-06,35.92189025878906,116.61443328857422
2023-07-07,36.69401168823242,119.92179107666016
2023-07-10,36.98015594482422,120.9372787475586
2023-07-11,37.793155670166016,123.93717956542969
2023-07-12,38.142887115478516,124.38435363769531
2023-07-13,37.9975471496582,124.7104721069336
2023-07-14,36.99378204345703,120.24786376953125
2023-07-17,36.921104431152344,120.76026916503906
2023-07-18,37.293548583984375,124.15147399902344
2023-07-19,37.511558532714844,124.78499603271484
2023-07-20,37.95212936401367,126.10794067382812
2023-07-21,38.28822708129883,126.77873992919922
2023-07-24,38.905921936035156,128.837646484375
2023-07-25,39.11030578613281,129.26622009277344
2023-07-26,39.12393569946289,129.63888549804688
2023-07-27,38.87413024902344,128.69790649414062
2023-07-28,38.99221420288086,131.2878875732422
2023-07-31,39.732547760009766,133.25369262695312
2023-08-01,39.546329498291016,132.81581115722656
2023-08-02,39.02854919433594,130.65438842773438
2023-08-03,39.423702239990234,133.3748016357422
2023-08-04,39.47820281982422,134.3809814453125
2023-08-07,39.523616790771484,135.12628173828125
2023-08-08,39.71892166137695,136.384033203125
2023-08-09,40.21853256225586,138.2007293701172
2023-08-10,40.21399688720703,137.017578125
2023-08-11,40.831687927246094,138.63858032226562
2023-08-14,40.659095764160156,137.669677734375
2023-08-15,39.81430435180664,135.08901977539062
2023-08-16,39.469120025634766,134.4834747314453
2023-08-17,39.94147872924805,136.35606384277344
2023-08-18,40.33662414550781,137.781494140625
2023-08-21,40.082279205322266,137.93055725097656
2023-08-22,39.7734260559082,136.5237579345703
2023-08-23,39.673500061035156,135.13560485839844
2023-08-24,39.4009895324707,134.25054931640625
2023-08-25,39.782508850097656,135.98342895507812
2023-08-28,40.05048370361328,136.7753143310547
2023-08-29,40.15948486328125,137.46475219726562
2023-08-30,40.35933303833008,138.39637756347656
2023-08-31,40.3865852355957,138.51747131347656
2023-09-01,41.21320343017578,141.93666076660156
2023-09-05,41.43122100830078,141.14471435546875
2023-09-06,41.44938659667969,141.10748291015625
2023-09-07,41.408512115478516,141.09814453125
2023-09-08,41.808204650878906,142.71923828125
2023-09-11,41.25862121582031,139.9149627685547
2023-09-12,42.23059844970703,143.29685974121094
2023-09-13,41.912654876708984,141.63851928710938
2023-09-14,42.4031867980957,142.33724975585938
2023-09-15,41.7900276184082,139.9149627685547
2023-09-18,42.1441650390625,139.9542694091797
2023-09-19,41.750675201416016,138.4091339111328
2023-09-20,41.36177062988281,136.28338623046875
2023-09-21,40.79441833496094,134.70074462890625
2023-09-22,40.86305236816406,134.30743408203125
2023-09-25,41.375492095947266,136.77967834472656
2023-09-26,41.137577056884766,136.18971252441406
2023-09-27,42.16246795654297,140.2165069580078
2023-09-28,42.20822525024414,140.9750213623047
2023-09-29,41.35719299316406,138.5121612548828
2023-10-02,40.53362274169922,133.8953857421875
2023-10-03,40.50616455078125,133.3896942138672
2023-10-04,39.23420333862305,128.08932495117188
2023-10-05,38.991703033447266,128.24853515625
2023-10-06,39.22504425048828,130.5896759033203
2023-10-09,40.53362274169922,136.0117950439453
2023-10-10,40.583946228027344,136.423828125
2023-10-11,40.06235122680664,136.19908142089844
2023-10-12,40.10810852050781,136.24588012695312
2023-10-13,40.99115753173828,139.120849609375
2023-10-16,41.265689849853516,140.52552795410156
2023-10-17,41.695777893066406,142.18307495117188
2023-10-18,42.075538635253906,143.25064086914062
2023-10-19,42.00233459472656,142.9790802001953
2023-10-20,41.29771041870117,140.57235717773438
2023-10-23,40.62969970703125,138.52151489257812
2023-10-24,40.05778121948242,137.4258575439453
2023-10-25,39.98456954956055,137.21046447753906
2023-10-26,39.67344284057617,136.5736846923828
2023-10-27,38.72175598144531,134.7569122314453
2023-10-30,38.84987258911133,134.28871154785156
2023-10-31,38.97797775268555,135.9930419921875
2023-11-01,38.88646697998047,135.74020385742188
2023-11-02,40.06235122680664,139.26132202148438
2023-11-03,39.65971755981445,138.24058532714844
2023-11-06,39.21131896972656,134.56027221679688
2023-11-07,38.34199523925781,130.7488555908203
2023-11-08,37.86157989501953,127.93948364257812
2023-11-09,37.74720001220703,127.04049682617188
2023-11-10,38.16355514526367,128.45455932617188
2023-11-13,38.438079833984375,129.4752960205078
2023-11-14,38.7812385559082,131.61976623535156
2023-11-15,38.70802688598633,131.76962280273438
2023-11-16,37.953086853027344,127.96755981445312
2023-11-17,38.749210357666016,130.78631591796875
2023-11-20,38.80411148071289,130.99234008789062
2023-11-21,38.7171745300293,129.82180786132812
2023-11-22,38.698883056640625,129.88729858398438
2023-11-24,38.859012603759766,130.47731018066406
2023-11-27,38.72175598144531,129.3535614013672
2023-11-28,38.73090744018555,128.99769592285156
2023-11-29,38.442649841308594,128.5107421875
2023-11-30,38.698883056640625,129.23184204101562
2023-12-01,38.90019607543945,130.2618865966797
2023-12-04,38.72175598144531,128.69801330566406
2023-12-05,38.044593811035156,125.86990356445312
2023-12-06,37.47724914550781,122.47988891601562
2023-12-07,37.22101593017578,122.41436004638672
2023-12-08,37.623661041259766,123.931396484375
2023-12-11,37.66941452026367,123.86585998535156
2023-12-12,37.15238571166992,121.2156982421875
2023-12-13,37.66941452026367,124.23109436035156
2023-12-14,38.77665710449219,128.57627868652344
2023-12-15,38.57076644897461,128.00502014160156
2023-12-18,38.885807037353516,129.62428283691406
2023-12-19,39.352359771728516,131.21897888183594
2023-12-20,38.987430572509766,129.2657012939453
2023-12-21,39.139869689941406,130.75662231445312
2023-12-22,39.25535202026367,131.05857849121094
2023-12-26,39.59257125854492,133.11566162109375
2023-12-27,39.41703796386719,132.55892944335938
2023-12-28,38.81651306152344,130.33200073242188
2023-12-29,38.7287483215332,129.19021606445312
